player_name,team_abbrev,salary_2025_26,total_guaranteed,AGE,GP,TS_PCT,PIE,USG_PCT,PTS,REB,AST,team_wins,team_win_pct
Stephen Curry,GSW,59606817.0,122193975.0,37.0,70,0.618,0.145,0.286,24.5,4.4,6.0,48,0.585
Joel Embiid,PHI,55224526.0,176072526.0,31.0,19,0.58,0.169,0.342,23.8,8.2,4.5,24,0.293
Nikola Jokić,DEN,55224526.0,114257640.0,30.0,70,0.663,0.206,0.285,29.6,12.7,10.2,50,0.61
Kevin Durant,HOU,54708609.0,98611048.0,36.0,62,0.642,0.142,0.283,26.6,6.0,4.2,52,0.634
Jayson Tatum,BOS,54126450.0,242486496.0,27.0,72,0.582,0.158,0.301,26.8,8.7,6.0,61,0.744
Anthony Davis,WAS,54126450.0,112583016.0,32.0,51,0.588,0.179,0.301,24.7,11.6,3.5,18,0.22
Giannis Antetokounmpo,MIL,54126450.0,112583016.0,30.0,67,0.625,0.21,0.346,30.4,11.9,6.5,48,0.585
Jaylen Brown,BOS,53142264.0,236187840.0,28.0,63,0.555,0.114,0.282,22.2,5.8,4.5,61,0.744
Karl-Anthony Towns,NYK,53142264.0,110220992.0,29.0,72,0.63,0.161,0.265,24.4,12.8,3.1,51,0.622
LeBron James,LAL,52627153.0,52627153.0,40.0,70,0.604,0.169,0.291,24.4,7.8,8.2,50,0.61
Paul George,PHI,51666090.0,105792470.0,35.0,41,0.543,0.106,0.233,16.2,5.3,4.3,24,0.293
Zach LaVine,SAC,47499660.0,47499660.0,30.0,74,0.639,0.115,0.251,23.3,4.3,4.2,40,0.488
Cade Cunningham,DET,46394100.0,269085780.0,23.0,70,0.565,0.152,0.323,26.1,6.1,9.1,44,0.537
Evan Mobley,CLE,46394100.0,269085780.0,24.0,71,0.633,0.151,0.226,18.5,9.3,3.2,64,0.78
Jamal Murray,DEN,46394100.0,207845568.0,28.0,67,0.584,0.111,0.235,21.4,3.9,6.0,50,0.61
Lauri Markkanen,UTA,46394100.0,195868144.0,28.0,47,0.571,0.103,0.231,19.0,5.9,1.5,17,0.207
Donovan Mitchell,CLE,46394100.0,96499728.0,28.0,71,0.575,0.137,0.298,24.0,4.5,5.0,64,0.78
Trae Young,WAS,46394100.0,46394100.0,26.0,76,0.567,0.129,0.285,24.2,3.1,11.6,18,0.22
Luka Dončić,LAL,45999660.0,149583660.0,26.0,50,0.587,0.17,0.328,28.2,8.2,7.7,50,0.61
Anthony Edwards,MIN,45550512.0,202446720.0,23.0,79,0.595,0.14,0.307,27.6,5.7,4.5,49,0.598
Tyrese Haliburton,IND,45550512.0,202446720.0,25.0,73,0.616,0.143,0.21,18.6,3.5,9.2,50,0.61
Pascal Siakam,IND,45550512.0,146773872.0,31.0,78,0.599,0.13,0.237,20.2,6.9,3.4,50,0.61
Domantas Sabonis,SAC,42336000.0,136416000.0,29.0,70,0.655,0.164,0.213,19.1,13.9,6.0,40,0.488
OG Anunoby,NYK,39568966.0,127500000.0,27.0,74,0.591,0.093,0.195,18.0,4.8,2.2,51,0.622
Zion Williamson,NOP,39446090.0,126499530.0,24.0,30,0.6,0.167,0.325,24.6,7.2,5.3,21,0.256
Ja Morant,MEM,39446090.0,126499530.0,25.0,50,0.563,0.141,0.312,23.2,4.1,7.3,48,0.585
James Harden,CLE,39182693.0,,35.0,79,0.582,0.145,0.286,22.8,5.8,8.7,64,0.78
Scottie Barnes,TOR,38661750.0,224238150.0,23.0,65,0.523,0.139,0.262,19.3,7.7,5.8,30,0.366
Franz Wagner,ORL,38661750.0,224238150.0,23.0,60,0.558,0.153,0.306,24.2,5.7,4.7,41,0.5
Shai Gilgeous-Alexander,OKC,38333050.0,276795400.0,26.0,76,0.637,0.199,0.336,32.7,5.0,6.4,68,0.829
Brandon Ingram,TOR,38095238.0,78095238.0,27.0,18,0.56,0.122,0.305,22.2,5.6,5.2,30,0.366
Tyrese Maxey,PHI,37958760.0,168705600.0,24.0,52,0.562,0.127,0.293,26.3,3.3,6.1,24,0.293
De'Aaron Fox,SAS,37096620.0,260200620.0,27.0,62,0.56,0.119,0.274,23.5,4.8,6.3,34,0.415
Bam Adebayo,MIA,37096620.0,140680620.0,27.0,78,0.561,0.137,0.232,18.1,9.6,4.3,37,0.451
Desmond Bane,ORL,36725670.0,163225200.0,27.0,69,0.6,0.131,0.227,19.2,6.1,5.3,41,0.5
Kyrie Irving,DAL,36566002.0,76057284.0,33.0,50,0.594,0.129,0.264,24.7,4.8,4.6,39,0.476
Jaren Jackson Jr.,UTA,35000000.0,186500000.0,25.0,74,0.591,0.124,0.274,22.2,5.6,2.0,17,0.207
Jalen Suggs,ORL,35000000.0,123800000.0,24.0,35,0.536,0.107,0.268,16.2,4.0,3.7,41,0.5
Rudy Gobert,MIN,35000000.0,71500000.0,33.0,72,0.687,0.126,0.129,12.0,10.9,1.8,49,0.598
Jalen Brunson,NYK,34944001.0,113218563.0,28.0,65,0.605,0.138,0.289,26.0,2.9,7.3,51,0.622
Khris Middleton,DAL,33296296.0,33296296.0,33.0,37,0.588,0.114,0.208,11.9,3.7,4.1,39,0.476
Immanuel Quickley,TOR,32500000.0,130000000.0,26.0,33,0.57,0.128,0.246,17.1,3.5,5.8,30,0.366
Jrue Holiday,POR,32400000.0,67200000.0,35.0,62,0.565,0.088,0.156,11.1,4.3,3.9,36,0.439
Jerami Grant,POR,32000001.0,66206899.0,31.0,47,0.523,0.07,0.192,14.4,3.5,2.1,36,0.439
Jordan Poole,NOP,31848215.0,65892857.0,26.0,68,0.591,0.107,0.281,20.5,3.0,4.5,21,0.256
Tyler Herro,MIA,31000000.0,64000000.0,25.0,77,0.605,0.139,0.271,23.9,5.2,5.5,37,0.451
Julius Randle,MIN,30864198.0,64197532.0,30.0,69,0.593,0.124,0.246,18.7,7.1,4.7,49,0.598
Dejounte Murray,NOP,30801103.0,63586174.0,28.0,31,0.494,0.118,0.263,17.5,6.5,7.4,21,0.256
Kristaps Porziņģis,GSW,30731707.0,30731707.0,29.0,42,0.618,0.132,0.253,19.5,6.8,2.1,48,0.585
CJ McCollum,ATL,30666666.0,30666666.0,33.0,56,0.55,0.097,0.266,21.1,3.8,4.1,40,0.488
Jalen Johnson,ATL,30000000.0,150000000.0,23.0,36,0.569,0.135,0.214,18.9,10.0,5.0,40,0.488
Isaiah Hartenstein,OKC,28500000.0,28500000.0,27.0,57,0.599,0.138,0.165,11.2,10.7,3.8,68,0.829
Andrew Wiggins,MIA,28223215.0,28223215.0,30.0,60,0.566,0.105,0.238,18.0,4.5,2.6,37,0.451
Derrick White,BOS,28100000.0,91044000.0,30.0,76,0.606,0.106,0.195,16.4,4.5,4.8,61,0.744
RJ Barrett,TOR,27705357.0,57321428.0,25.0,58,0.547,0.121,0.281,21.1,6.3,5.4,30,0.366
Anfernee Simons,CHI,27678571.0,27678571.0,26.0,70,0.557,0.106,0.241,19.3,2.7,4.8,39,0.476
Devin Vassell,SAS,27000000.0,105652174.0,24.0,64,0.553,0.092,0.217,16.3,4.0,2.9,34,0.415
Terry Rozier,MIA,26643031.0,26643031.0,31.0,64,0.497,0.078,0.195,10.6,3.7,2.6,37,0.451
Tobias Harris,DET,26634146.0,26634146.0,32.0,73,0.571,0.1,0.173,13.7,5.9,2.2,44,0.537
Draymond Green,GSW,25892857.0,53571428.0,35.0,68,0.534,0.088,0.157,9.0,6.1,5.6,48,0.585
Deandre Ayton,POR,33654814.0,25550814.0,26.0,40,0.583,0.125,0.197,14.4,10.2,1.6,36,0.439
Myles Turner,MIL,25318251.0,79752492.0,29.0,72,0.612,0.103,0.207,15.6,6.5,1.5,48,0.585
Trey Murphy III,NOP,25000000.0,112000000.0,25.0,53,0.598,0.11,0.229,21.2,5.1,3.5,21,0.256
Josh Giddey,CHI,25000000.0,100000000.0,22.0,70,0.57,0.13,0.214,14.6,8.1,7.2,39,0.476
Fred VanVleet,HOU,25000000.0,25000000.0,31.0,60,0.515,0.093,0.176,14.1,3.7,5.6,52,0.634
Mikal Bridges,NYK,24900000.0,133382144.0,28.0,82,0.585,0.09,0.192,17.6,3.2,3.7,51,0.622
DeMar DeRozan,SAC,24570000.0,24570000.0,35.0,77,0.569,0.112,0.244,22.2,3.9,4.4,40,0.488
Jaden McDaniels,MIN,24393104.0,108413793.0,24.0,82,0.562,0.086,0.16,12.2,5.7,2.0,49,0.598
Jonathan Kuminga,ATL,23799569.0,23799569.0,22.0,47,0.535,0.11,0.271,15.3,4.6,2.2,40,0.488
De'Andre Hunter,SAC,23303571.0,48214285.0,27.0,64,0.623,0.101,0.221,17.0,4.0,1.4,40,0.488
Aaron Gordon,DEN,22841455.0,92850172.0,29.0,51,0.65,0.104,0.186,14.7,4.8,3.2,50,0.61
Damian Lillard,MIL,36620603.0,112583015.0,34.0,58,0.621,0.144,0.269,24.9,4.7,7.1,48,0.585
Kyle Kuzma,MIL,22410605.0,42755757.0,29.0,65,0.514,0.08,0.233,14.8,5.7,2.3,48,0.585
Kentavious Caldwell-Pope,MEM,21621500.0,21621500.0,32.0,77,0.574,0.065,0.121,8.7,2.2,1.8,48,0.585
Naz Reid,MIN,21551724.0,96551724.0,25.0,80,0.577,0.11,0.21,14.2,6.0,2.3,49,0.598
Nikola Vučević,BOS,21481481.0,21481481.0,34.0,73,0.611,0.136,0.221,18.5,10.1,3.5,61,0.744
Cameron Johnson,DEN,21057065.0,44119565.0,29.0,57,0.632,0.124,0.224,18.8,4.3,3.4,50,0.61
Norman Powell,MIA,20482758.0,20482758.0,32.0,60,0.615,0.11,0.255,21.8,3.2,2.1,37,0.451
Jarrett Allen,CLE,20000000.0,110720000.0,27.0,82,0.724,0.148,0.156,13.5,9.7,1.9,64,0.78
Jakob Poeltl,TOR,19500000.0,95784000.0,29.0,57,0.641,0.133,0.184,14.5,9.6,2.8,30,0.366
Josh Hart,NYK,19472240.0,40396000.0,30.0,77,0.611,0.119,0.151,13.6,9.6,5.9,51,0.622
Jusuf Nurkić,UTA,19375000.0,19375000.0,30.0,51,0.555,0.116,0.202,8.9,7.8,2.3,17,0.207
Harrison Barnes,SAS,19000000.0,19000000.0,33.0,82,0.656,0.092,0.157,12.3,3.8,1.7,34,0.415
Collin Sexton,CHI,18975000.0,18975000.0,26.0,63,0.593,0.106,0.264,18.4,2.7,4.2,39,0.476
Ivica Zubac,IND,18893980.0,61026420.0,28.0,80,0.641,0.157,0.192,16.8,12.6,2.7,50,0.61
Malik Monk,SAC,18797619.0,38987654.0,27.0,65,0.549,0.099,0.236,17.2,3.8,5.6,40,0.488
Santi Aldama,MEM,18485916.0,35492959.0,24.0,65,0.588,0.121,0.179,12.5,6.4,2.9,48,0.585
Rui Hachimura,LAL,18259259.0,18259259.0,27.0,59,0.619,0.086,0.156,13.1,5.0,1.4,50,0.61
Luguentz Dort,OKC,18222222.0,18222222.0,26.0,71,0.586,0.063,0.133,10.1,4.1,1.6,68,0.829
Alex Caruso,OKC,18102000.0,81096960.0,31.0,54,0.568,0.101,0.147,7.1,2.9,2.5,68,0.829
Andrew Nembhard,IND,18102000.0,58650480.0,25.0,65,0.545,0.081,0.163,10.0,3.3,5.0,50,0.61
Zach Collins,CHI,18080496.0,18080496.0,27.0,64,0.605,0.106,0.166,6.4,4.5,1.7,39,0.476
Patrick Williams,CHI,18000000.0,54000000.0,23.0,63,0.512,0.062,0.165,9.0,3.8,2.0,39,0.476
Kevin Huerter,DET,17991071.0,17991071.0,26.0,69,0.544,0.073,0.171,9.9,3.0,2.3,44,0.537
Keldon Johnson,SAS,17500000.0,35000000.0,25.0,77,0.572,0.103,0.207,12.7,4.8,1.6,34,0.415
Duncan Robinson,DET,16834692.0,16834692.0,31.0,74,0.595,0.078,0.187,11.0,2.3,2.4,44,0.537
Klay Thompson,DAL,16666667.0,34126984.0,35.0,72,0.552,0.083,0.214,14.0,3.4,2.0,39,0.476
Max Strus,CLE,15936452.0,32597288.0,29.0,50,0.607,0.083,0.143,9.4,4.3,3.2,64,0.78
Paolo Banchero,ORL,15334769.0,201254769.0,22.0,46,0.551,0.157,0.33,25.9,7.5,4.8,41,0.5
Nickeil Alexander-Walker,ATL,15161800.0,44727310.0,26.0,82,0.579,0.081,0.155,9.4,3.2,2.7,40,0.488
Onyeka Okongwu,ATL,15000000.0,48000000.0,24.0,74,0.634,0.122,0.169,13.4,8.9,2.3,40,0.488
Jonathan Isaac,ORL,15000000.0,44000000.0,27.0,71,0.512,0.108,0.155,5.4,4.4,0.6,41,0.5
Isaiah Stewart,DET,15000000.0,30000000.0,24.0,72,0.616,0.096,0.121,6.0,5.5,1.7,44,0.537
Marcus Smart,WAS,19920855.0,14786855.0,31.0,34,0.529,0.086,0.198,9.0,2.1,3.2,18,0.22
Daniel Gafford,DAL,14386320.0,68766609.0,26.0,57,0.716,0.141,0.186,12.3,6.8,1.4,39,0.476
Deni Avdija,POR,14375000.0,39375000.0,24.0,72,0.605,0.126,0.228,16.9,7.3,3.9,36,0.439
P.J. Washington,DAL,14152174.0,102914614.0,26.0,57,0.556,0.097,0.198,14.7,7.8,2.3,39,0.476
Steven Adams,HOU,14130434.0,39000000.0,31.0,58,0.541,0.109,0.127,3.9,5.6,1.1,52,0.634
Caris LeVert,DET,14104000.0,28913200.0,30.0,64,0.582,0.094,0.191,12.1,3.2,3.4,44,0.537
Dennis Schröder,CLE,14104000.0,28913200.0,31.0,75,0.531,0.091,0.211,13.1,2.6,5.4,64,0.78
Damian Lillard,POR,36620603.0,27502800.0,34.0,58,0.621,0.144,0.269,24.9,4.7,7.1,36,0.439
Obi Toppin,IND,14000000.0,45025000.0,27.0,79,0.642,0.115,0.191,10.5,4.0,1.6,50,0.61
Corey Kispert,ATL,13975000.0,41000000.0,26.0,61,0.584,0.074,0.169,11.6,3.0,1.7,40,0.488
Herbert Jones,NOP,13937574.0,72221624.0,26.0,20,0.541,0.062,0.146,10.3,3.9,3.3,21,0.256
Austin Reaves,LAL,13937574.0,13937574.0,27.0,73,0.616,0.118,0.23,20.2,4.5,5.8,50,0.61
Chet Holmgren,OKC,13731368.0,254431368.0,23.0,32,0.599,0.122,0.214,15.0,8.0,2.0,68,0.829
Bobby Portis,MIL,13445754.0,27967168.0,30.0,49,0.542,0.131,0.234,13.9,8.4,2.1,48,0.585
Kelly Olynyk,SAS,13445122.0,13445122.0,34.0,44,0.609,0.098,0.185,8.7,4.7,2.9,34,0.415
Victor Wembanyama,SAS,13376880.0,30245126.0,21.0,46,0.594,0.168,0.3,24.3,11.0,3.7,34,0.415
Zaccharie Risacher,ATL,13197720.0,27023760.0,20.0,75,0.558,0.071,0.203,12.6,3.6,1.2,40,0.488
Mitchell Robinson,NYK,12954546.0,12954546.0,27.0,17,0.676,0.122,0.109,5.1,5.9,0.8,51,0.622
Dorian Finney-Smith,HOU,12700000.0,39370000.0,32.0,63,0.604,0.06,0.123,8.7,3.9,1.4,52,0.634
Brandon Clarke,MEM,12500000.0,25000000.0,28.0,64,0.638,0.108,0.15,8.3,5.1,1.0,48,0.585
Isaiah Joe,OKC,12362338.0,23685344.0,25.0,74,0.617,0.089,0.166,10.2,2.6,1.6,68,0.829
Jabari Smith Jr.,HOU,12350392.0,134350392.0,22.0,57,0.562,0.093,0.16,12.2,7.0,1.1,52,0.634
Donte DiVincenzo,MIN,11990000.0,24525000.0,28.0,62,0.582,0.1,0.188,11.7,3.7,3.6,49,0.598
Alex Sarr,WAS,11808240.0,24178920.0,20.0,67,0.482,0.084,0.23,13.0,6.5,2.4,18,0.22
Davion Mitchell,MIA,11600000.0,24000000.0,26.0,74,0.573,0.069,0.135,7.9,2.3,4.9,37,0.451
Moses Moody,GSW,11574075.0,37500000.0,23.0,74,0.578,0.076,0.17,9.8,2.6,1.3,48,0.585
Jarred Vanderbilt,LAL,11571429.0,24000000.0,26.0,36,0.537,0.082,0.116,4.1,5.1,1.1,50,0.61
Matisse Thybulle,POR,11550000.0,11550000.0,28.0,15,0.592,0.114,0.135,7.5,3.5,1.9,36,0.439
Gabe Vincent,ATL,11500000.0,11500000.0,29.0,72,0.536,0.039,0.131,6.4,1.3,1.4,40,0.488
Keegan Murray,SAC,11144093.0,151144093.0,24.0,76,0.553,0.075,0.148,12.4,6.7,1.4,40,0.488
Aaron Nesmith,IND,11000000.0,62389440.0,25.0,45,0.653,0.087,0.171,12.0,4.0,1.2,50,0.61
Luke Kornet,SAS,11000000.0,24000000.0,29.0,73,0.683,0.114,0.111,6.0,5.3,1.6,34,0.415
Isaac Okoro,CHI,11000000.0,22814814.0,24.0,55,0.587,0.057,0.124,6.1,2.4,1.2,39,0.476
Luke Kennard,LAL,11000000.0,11000000.0,29.0,65,0.631,0.093,0.14,8.9,2.8,3.3,50,0.61
Maxi Kleber,LAL,11000000.0,11000000.0,33.0,34,0.489,0.035,0.085,3.0,2.8,1.3,50,0.61
Wendell Carter Jr.,ORL,10850000.0,48502160.0,26.0,68,0.544,0.099,0.159,9.1,7.2,2.0,41,0.5
Scoot Henderson,POR,10748040.0,24333563.0,21.0,66,0.54,0.084,0.22,12.7,3.0,5.1,36,0.439
Jordan Clarkson,UTA,12947835.0,10651561.0,33.0,37,0.54,0.102,0.269,16.2,3.2,3.7,17,0.207
Reed Sheppard,HOU,10603560.0,21712440.0,21.0,52,0.465,0.06,0.171,4.4,1.5,1.4,52,0.634
Jonas Valančiūnas,DEN,10395000.0,10395000.0,33.0,81,0.602,0.147,0.222,10.4,7.7,2.0,50,0.61
T.J. McConnell,IND,10200000.0,33000000.0,33.0,79,0.547,0.129,0.226,9.1,2.4,4.4,50,0.61
Jaden Ivey,CHI,10107163.0,10107163.0,23.0,30,0.569,0.099,0.256,17.6,4.1,4.0,39,0.476
Aaron Wiggins,OKC,10102803.0,27672900.0,26.0,76,0.596,0.105,0.2,12.0,3.9,1.8,68,0.829
Sam Hauser,BOS,10044644.0,45000000.0,27.0,71,0.632,0.083,0.14,8.5,3.2,0.9,61,0.744
Lonzo Ball,UTA,10000000.0,10000000.0,27.0,35,0.524,0.078,0.152,7.6,3.4,3.3,17,0.207
Amen Thompson,HOU,9690600.0,21949209.0,22.0,69,0.602,0.129,0.172,14.1,8.2,3.8,52,0.634
Caleb Martin,DAL,9594044.0,19595537.0,29.0,45,0.513,0.063,0.143,7.9,3.9,2.1,39,0.476
Stephon Castle,SAS,9560520.0,19576440.0,20.0,81,0.522,0.087,0.253,14.7,3.7,4.1,34,0.415
Buddy Hield,ATL,9219512.0,18878048.0,32.0,82,0.56,0.085,0.196,11.1,3.2,1.6,40,0.488
Kyle Anderson,MEM,9219512.0,9219512.0,31.0,61,0.538,0.108,0.152,5.9,3.4,2.4,48,0.585
Naji Marshall,DAL,9000000.0,18428571.0,27.0,69,0.584,0.105,0.197,13.2,4.8,3.0,39,0.476
Jalen Smith,CHI,9000000.0,18428571.0,25.0,64,0.586,0.133,0.201,8.2,5.6,1.0,39,0.476
Ty Jerome,MEM,8781000.0,18001050.0,27.0,70,0.643,0.134,0.229,12.5,2.5,3.4,48,0.585
Ausar Thompson,DET,8775000.0,19892925.0,22.0,59,0.568,0.104,0.185,10.1,5.1,2.3,44,0.537
Quentin Grimes,PHI,8741209.0,8741209.0,25.0,75,0.595,0.105,0.218,14.6,4.3,3.0,24,0.293
Sam Merrill,CLE,8482144.0,38000000.0,29.0,71,0.583,0.069,0.14,7.2,2.2,1.5,64,0.78
Jaylin Williams,OKC,8450704.0,16225352.0,23.0,47,0.594,0.124,0.141,5.9,5.6,2.6,68,0.829
Shaedon Sharpe,POR,8399983.0,98399983.0,22.0,72,0.551,0.102,0.25,18.5,4.5,2.8,36,0.439
Kelly Oubre Jr.,PHI,8382150.0,8382150.0,29.0,60,0.551,0.084,0.186,15.1,6.1,1.8,24,0.293
Goga Bitadze,ORL,8333333.0,15942029.0,25.0,70,0.631,0.134,0.142,7.2,6.6,2.0,41,0.5
Simone Fontecchio,MIA,8307692.0,8307692.0,29.0,75,0.544,0.068,0.152,5.9,2.9,0.9,37,0.451
Georges Niang,MEM,8200000.0,8200000.0,32.0,79,0.607,0.071,0.177,9.9,3.4,1.4,48,0.585
Zeke Nnaji,DEN,8177778.0,15644445.0,24.0,57,0.574,0.063,0.119,3.2,1.6,0.4,50,0.61
Deandre Ayton,LAL,33654814.0,8104000.0,26.0,40,0.583,0.125,0.197,14.4,10.2,1.6,50,0.61
Tre Jones,CHI,8000000.0,16000000.0,25.0,46,0.617,0.11,0.136,7.2,2.5,4.2,39,0.476
Kevon Looney,NOP,8000000.0,8000000.0,29.0,76,0.535,0.114,0.125,4.5,6.1,1.6,21,0.256
Anthony Black,ORL,7970280.0,18076596.0,21.0,78,0.521,0.084,0.19,9.4,2.9,3.1,41,0.5
Max Christie,DAL,7714286.0,16000000.0,22.0,78,0.57,0.069,0.15,9.6,3.3,1.9,39,0.476
Dyson Daniels,ATL,7707709.0,107707709.0,22.0,76,0.545,0.099,0.178,14.1,5.9,4.4,40,0.488
Ayo Dosunmu,MIN,7518518.0,7518518.0,25.0,46,0.585,0.084,0.163,12.3,3.5,4.5,49,0.598
Bilal Coulibaly,WAS,7275600.0,16515612.0,20.0,59,0.515,0.07,0.175,12.3,5.0,3.4,18,0.22
Payton Pritchard,BOS,7232143.0,23303571.0,27.0,80,0.633,0.116,0.186,14.3,3.8,3.5,61,0.744
Donovan Clingan,POR,7178400.0,14698320.0,21.0,67,0.574,0.105,0.135,6.5,7.9,1.1,36,0.439
Kenrich Williams,OKC,7163000.0,7163000.0,30.0,69,0.587,0.093,0.151,6.3,3.5,1.4,68,0.829
Jeremy Sochan,SAS,7874853.0,7096231.0,22.0,54,0.589,0.101,0.184,11.4,6.5,2.4,34,0.415
Tyus Jones,DAL,7000000.0,7000000.0,29.0,81,0.585,0.099,0.16,10.2,2.4,5.3,39,0.476
Clint Capela,HOU,6700000.0,21105000.0,31.0,55,0.564,0.117,0.16,8.9,8.5,1.1,52,0.634
Ousmane Dieng,MIL,6670882.0,6670882.0,22.0,37,0.538,0.088,0.152,3.8,2.2,0.8,48,0.585
Jarace Walker,IND,6665520.0,15144062.0,21.0,75,0.59,0.087,0.165,6.1,3.1,1.5,50,0.61
Dean Wade,CLE,6623456.0,,28.0,59,0.563,0.067,0.101,5.4,4.2,1.3,64,0.78
Jalen Williams,OKC,6580997.0,247280997.0,24.0,69,0.573,0.138,0.27,21.6,5.3,5.1,68,0.829
Rob Dillingham,CHI,6576120.0,13465440.0,20.0,49,0.503,0.078,0.215,4.5,1.0,2.0,39,0.476
Jalen Duren,DET,6483144.0,6483144.0,21.0,78,0.703,0.14,0.161,11.8,10.3,2.7,44,0.537
John Konchar,UTA,6165000.0,12330000.0,29.0,46,0.592,0.094,0.077,2.4,3.3,0.9,17,0.207
Taylor Hendricks,MEM,6127080.0,13932980.0,21.0,3,0.354,0.036,0.113,4.7,5.0,0.7,48,0.585
Zach Edey,MEM,6045000.0,12377760.0,23.0,66,0.624,0.111,0.156,9.2,8.3,1.0,48,0.585
Jaden Hardy,WAS,6000000.0,12000000.0,22.0,57,0.549,0.069,0.244,8.7,1.6,1.4,18,0.22
Jake LaRavia,LAL,6000000.0,12000000.0,23.0,66,0.591,0.081,0.14,6.9,3.9,2.4,50,0.61
Cason Wallace,OKC,5820240.0,13241046.0,21.0,68,0.562,0.075,0.124,8.4,3.4,2.5,68,0.829
Cody Williams,UTA,5742480.0,11758080.0,20.0,50,0.419,0.021,0.122,4.6,2.3,1.2,17,0.207
D'Angelo Russell,WAS,5685000.0,5685000.0,29.0,58,0.522,0.098,0.228,12.6,2.8,5.1,18,0.22
Al Horford,GSW,5685000.0,5685000.0,39.0,60,0.563,0.091,0.136,9.0,6.2,2.1,48,0.585
Tari Eason,HOU,5675766.0,5675766.0,24.0,57,0.567,0.117,0.185,12.0,6.4,1.5,52,0.634
Jett Howard,ORL,5529720.0,5529720.0,21.0,60,0.491,0.045,0.181,4.5,1.2,0.7,41,0.5
Guerschon Yabusele,CHI,5500000.0,5500000.0,29.0,70,0.616,0.092,0.163,11.0,5.6,2.1,39,0.476
Matas Buzelis,CHI,5455560.0,11170920.0,20.0,80,0.571,0.079,0.181,8.6,3.5,1.0,39,0.476
Dario Šarić,DET,5426400.0,5426400.0,31.0,16,0.449,0.067,0.157,3.5,3.1,1.4,44,0.537
Dalen Terry,NOP,5399118.0,5399118.0,22.0,73,0.546,0.056,0.142,4.5,1.7,1.3,21,0.256
Dereck Lively II,DAL,5253360.0,12492491.0,21.0,36,0.704,0.124,0.132,8.7,7.5,2.4,39,0.476
Kevin Porter Jr.,MIL,5134000.0,5134000.0,25.0,75,0.531,0.119,0.248,10.3,3.7,3.4,48,0.585
Marcus Smart,LAL,19920855.0,5134000.0,31.0,34,0.529,0.086,0.198,9.0,2.1,3.2,50,0.61
Andre Drummond,PHI,5000000.0,5000000.0,31.0,40,0.535,0.109,0.183,7.3,7.8,0.9,24,0.293
Moritz Wagner,ORL,5000000.0,5000000.0,28.0,30,0.649,0.165,0.254,12.9,4.9,1.4,41,0.5
Nick Richards,CHI,5000000.0,,27.0,57,0.634,0.107,0.169,9.3,8.2,0.9,39,0.476
Gradey Dick,TOR,4990560.0,12122071.0,21.0,54,0.543,0.071,0.209,14.4,3.6,1.8,30,0.366
Devin Carter,SAC,4923720.0,10081800.0,23.0,36,0.471,0.07,0.169,3.8,2.1,1.1,40,0.488
Christian Braun,DEN,4921797.0,129921797.0,24.0,79,0.665,0.096,0.155,15.4,5.2,2.6,50,0.61
Walker Kessler,UTA,4878938.0,4878938.0,23.0,58,0.66,0.127,0.133,11.1,12.2,1.7,17,0.207
Jordan Hawkins,NOP,4741320.0,11763215.0,23.0,56,0.504,0.066,0.204,10.8,2.8,1.2,21,0.256
Bub Carrington,WAS,4677600.0,9578160.0,19.0,82,0.514,0.071,0.154,9.8,4.2,4.4,18,0.22
Jose Alvarado,NYK,4500000.0,4500000.0,27.0,56,0.523,0.09,0.193,10.3,2.4,4.6,51,0.622
Nikola Jović,MIA,4445417.0,66845417.0,22.0,46,0.595,0.098,0.178,10.7,3.9,2.8,37,0.451
Kel'el Ware,MIA,4443360.0,9098280.0,21.0,64,0.603,0.119,0.169,9.3,7.4,0.9,37,0.451
Peyton Watson,DEN,4356476.0,4356476.0,22.0,68,0.564,0.066,0.138,8.1,3.4,1.4,50,0.61
Miles McBride,NYK,4333333.0,8289856.0,24.0,64,0.531,0.077,0.162,9.5,2.5,2.9,51,0.622
Keyonte George,UTA,4278960.0,10842885.0,21.0,67,0.539,0.093,0.237,16.8,3.8,5.6,17,0.207
Jared McCain,OKC,4221360.0,8643960.0,21.0,23,0.589,0.106,0.243,15.3,2.4,2.6,68,0.829
Kevin Love,UTA,4150000.0,4150000.0,36.0,23,0.488,0.109,0.23,5.3,4.1,1.0,17,0.207
Dalton Knecht,LAL,4010160.0,8211240.0,24.0,78,0.594,0.087,0.181,9.1,2.8,0.8,50,0.61
Ryan Rollins,MIL,4000000.0,8000000.0,22.0,56,0.6,0.088,0.179,6.2,1.9,1.9,48,0.585
Dwight Powell,DAL,4000000.0,4000000.0,33.0,55,0.713,0.073,0.073,2.1,2.1,1.0,39,0.476
Jaime Jaquez Jr.,MIA,3861600.0,9800741.0,24.0,66,0.543,0.098,0.194,8.6,4.4,2.5,37,0.451
Tristan Da Silva,ORL,3809520.0,7800720.0,24.0,74,0.522,0.074,0.149,7.2,3.3,1.5,41,0.5
Cole Anthony,MEM,5996274.0,11100000.0,25.0,67,0.531,0.105,0.238,9.4,3.0,2.9,48,0.585
Gary Trent Jr.,MIL,3697105.0,3697105.0,26.0,74,0.591,0.07,0.168,11.1,2.3,1.2,48,0.585
Brandin Podziemski,GSW,3687960.0,9367419.0,22.0,64,0.557,0.114,0.177,11.7,5.1,3.4,48,0.585
Svi Mykhailiuk,UTA,3675000.0,,28.0,38,0.526,0.067,0.198,8.8,2.4,2.0,17,0.207
Ja'Kobe Walter,TOR,3638160.0,7449960.0,20.0,52,0.523,0.068,0.179,8.6,3.1,1.6,30,0.366
Gary Harris,MIL,3634153.0,3634153.0,30.0,48,0.524,0.043,0.09,3.0,1.3,0.6,48,0.585
Cam Whitmore,WAS,3539760.0,8998070.0,20.0,51,0.549,0.108,0.231,9.4,3.0,1.0,18,0.22
Jaxson Hayes,LAL,3449323.0,3449323.0,25.0,56,0.72,0.097,0.12,6.8,4.8,1.0,50,0.61
Dominick Barlow,PHI,3415000.0,3415000.0,22.0,35,0.58,0.082,0.141,4.2,2.4,0.5,24,0.293
Yves Missi,NOP,3353040.0,6865800.0,21.0,73,0.572,0.09,0.141,9.1,8.2,1.4,21,0.256
Blake Wesley,WAS,5643732.0,3347458.0,22.0,58,0.51,0.066,0.165,3.7,1.1,2.0,18,0.22
Taurean Prince,MIL,3303774.0,3303774.0,31.0,80,0.613,0.064,0.123,8.2,3.6,1.9,48,0.585
Kris Murray,POR,3132000.0,8447004.0,24.0,69,0.472,0.061,0.133,4.2,2.6,1.0,36,0.439
AJ Johnson,DAL,3090480.0,6327600.0,20.0,29,0.48,0.053,0.173,7.6,2.0,2.6,39,0.476
De'Anthony Melton,GSW,3080921.0,3080921.0,27.0,6,0.539,0.091,0.223,10.3,3.3,2.8,48,0.585
Kyle Filipowski,UTA,3000000.0,3000000.0,21.0,72,0.594,0.103,0.184,9.6,6.1,1.9,17,0.207
Ajay Mitchell,OKC,3000000.0,3000000.0,23.0,36,0.587,0.082,0.159,6.5,1.9,1.8,68,0.829
Julian Champagnie,SAS,3000000.0,,24.0,82,0.577,0.079,0.164,9.9,3.9,1.4,34,0.415
Kyshawn George,WAS,2966760.0,6074760.0,21.0,68,0.503,0.058,0.156,8.7,4.2,2.5,18,0.22
Marcus Sasser,DET,2886720.0,8085703.0,24.0,57,0.589,0.095,0.187,6.6,1.2,2.3,44,0.537
Ben Sheppard,IND,2790720.0,7822389.0,23.0,63,0.555,0.055,0.108,5.3,2.8,1.3,50,0.61
Dillon Jones,WAS,2753280.0,2753280.0,23.0,54,0.464,0.066,0.131,2.5,2.2,1.1,18,0.22
Brice Sensabaugh,UTA,2693760.0,7555997.0,21.0,71,0.612,0.087,0.208,10.9,3.0,1.5,17,0.207
Julian Strawther,DEN,2674200.0,7501131.0,23.0,65,0.559,0.057,0.173,9.0,2.2,1.3,50,0.61
Terrence Shannon Jr.,MIN,2674080.0,5475720.0,24.0,32,0.56,0.082,0.166,4.3,1.5,1.0,49,0.598
Isaiah Collier,UTA,2638200.0,5402160.0,20.0,71,0.494,0.077,0.186,8.7,3.3,6.3,17,0.207
Baylor Scheierman,BOS,2619000.0,5363040.0,24.0,31,0.49,0.074,0.143,3.6,2.1,1.1,61,0.744
Cam Spencer,MEM,2537989.0,7565833.0,25.0,25,0.587,0.087,0.148,4.2,1.2,1.4,48,0.585
Sandro Mamukelashvili,TOR,2461463.0,2461463.0,26.0,61,0.628,0.124,0.202,6.3,3.1,0.8,30,0.366
Trendon Watford,PHI,2461463.0,2461463.0,24.0,44,0.557,0.101,0.226,10.2,3.6,2.6,24,0.293
Jericho Sims,MIL,2461463.0,2461463.0,26.0,53,0.639,0.07,0.074,1.8,3.7,0.6,48,0.585
Dru Smith,MIA,2378870.0,2378870.0,27.0,14,0.656,0.082,0.131,6.2,2.6,1.6,37,0.451
Justin Champagnie,WAS,2349578.0,5017522.0,24.0,62,0.614,0.101,0.15,8.8,5.7,1.0,18,0.22
Jay Huff,IND,2349578.0,2349578.0,27.0,64,0.666,0.108,0.194,6.9,2.0,0.6,50,0.61
Vít Krejčí,POR,2349578.0,,25.0,57,0.661,0.086,0.131,7.2,2.7,2.6,36,0.439
Neemias Queta,BOS,2349578.0,,25.0,62,0.674,0.102,0.136,5.0,3.8,0.7,61,0.744
A.J. Green,MIL,2301587.0,47301587.0,25.0,73,0.621,0.058,0.123,7.4,2.4,1.5,48,0.585
Vince Williams Jr.,UTA,2301587.0,2301587.0,24.0,27,0.504,0.065,0.166,6.6,3.6,2.0,17,0.207
Keon Ellis,CLE,2301587.0,2301587.0,25.0,80,0.664,0.073,0.125,8.3,2.7,1.5,64,0.78
Danté Exum,WAS,2296274.0,2296274.0,29.0,20,0.589,0.083,0.193,8.7,1.7,2.8,18,0.22
Chris Boucher,UTA,2296274.0,2296274.0,32.0,50,0.615,0.126,0.208,10.0,4.5,0.7,17,0.207
Chris Paul,TOR,2296274.0,2296274.0,40.0,82,0.58,0.102,0.137,8.8,3.6,7.4,30,0.366
Bismack Biyombo,SAS,2296274.0,2296274.0,32.0,28,0.576,0.08,0.124,5.1,5.6,1.1,34,0.415
Lindy Waters III,SAS,2296274.0,2296274.0,27.0,52,0.504,0.061,0.145,4.9,2.1,1.0,34,0.415
Russell Westbrook,SAC,2296274.0,2296274.0,36.0,75,0.532,0.093,0.23,13.3,4.9,6.1,40,0.488
Drew Eubanks,SAC,2296274.0,2296274.0,28.0,61,0.622,0.111,0.149,4.6,3.7,0.9,40,0.488
Blake Wesley,POR,5643732.0,2296274.0,22.0,58,0.51,0.066,0.165,3.7,1.1,2.0,36,0.439
Kyle Lowry,PHI,2296274.0,2296274.0,39.0,35,0.525,0.067,0.1,3.9,1.9,2.7,24,0.293
Mason Plumlee,OKC,3022108.0,2296274.0,35.0,74,0.645,0.098,0.105,4.5,6.1,1.8,68,0.829
Landry Shamet,NYK,2296274.0,2296274.0,28.0,50,0.601,0.062,0.143,5.7,1.2,0.5,51,0.622
Jordan Clarkson,NYK,12947835.0,2296274.0,33.0,37,0.54,0.102,0.269,16.2,3.2,3.7,51,0.622
Eric Gordon,MEM,2296274.0,2296274.0,36.0,39,0.591,0.067,0.14,6.8,1.2,1.7,48,0.585
Josh Okogie,HOU,2296274.0,2296274.0,26.0,40,0.567,0.1,0.185,7.1,2.8,0.8,52,0.634
Jeff Green,HOU,2296274.0,2296274.0,38.0,32,0.649,0.085,0.144,5.4,1.8,0.6,52,0.634
Aaron Holiday,HOU,2296274.0,2296274.0,28.0,62,0.594,0.082,0.162,5.5,1.3,1.3,52,0.634
Jae'Sean Tate,HOU,2296274.0,2296274.0,29.0,52,0.557,0.071,0.126,3.6,2.3,0.9,52,0.634
Gary Payton II,GSW,2296274.0,2296274.0,32.0,62,0.635,0.104,0.156,6.5,3.0,1.3,48,0.585
Javonte Green,DET,2296274.0,2296274.0,31.0,68,0.541,0.064,0.113,5.1,3.2,0.8,44,0.537
Tim Hardaway Jr.,DEN,2296274.0,2296274.0,33.0,77,0.567,0.066,0.151,11.0,2.4,1.6,50,0.61
Bruce Brown,DEN,2296274.0,2296274.0,28.0,41,0.504,0.078,0.169,8.3,4.0,2.0,50,0.61
Thomas Bryant,CLE,2296274.0,2296274.0,27.0,66,0.614,0.11,0.162,6.5,3.8,0.8,64,0.78
Larry Nance Jr.,CLE,2296274.0,2296274.0,32.0,24,0.632,0.106,0.155,8.5,4.3,1.6,64,0.78
Keaton Wallace,ATL,2296274.0,2296274.0,26.0,31,0.503,0.074,0.164,5.4,1.6,2.6,40,0.488
Jock Landale,ATL,2296274.0,2296274.0,29.0,42,0.59,0.097,0.148,4.8,3.3,0.9,40,0.488
Scotty Pippen Jr.,MEM,2270735.0,2270735.0,24.0,79,0.582,0.106,0.188,9.9,3.3,4.4,48,0.585
Brandon Williams,DAL,2270735.0,,25.0,33,0.634,0.119,0.218,8.3,1.8,2.3,39,0.476
DeAndre Jordan,NOP,2269880.0,2269880.0,36.0,56,0.621,0.115,0.126,3.7,5.1,0.9,21,0.256
Toumani Camara,POR,2221677.0,83221677.0,25.0,78,0.572,0.076,0.143,11.3,5.8,2.2,36,0.439
Julian Phillips,MIN,2221677.0,2221677.0,21.0,79,0.571,0.055,0.126,4.6,2.1,0.5,49,0.598
Gui Santos,GSW,2221677.0,2221677.0,23.0,56,0.575,0.073,0.126,4.1,3.1,1.4,48,0.585
Jalen Pickett,DEN,2221677.0,2221677.0,25.0,49,0.545,0.078,0.13,4.1,1.4,2.2,50,0.61
Trayce Jackson-Davis,TOR,2221677.0,,25.0,62,0.587,0.12,0.164,6.6,5.0,1.7,30,0.366
Andre Jackson Jr.,MIL,2221677.0,,23.0,67,0.554,0.051,0.115,3.4,2.7,1.2,48,0.585
Craig Porter Jr.,CLE,2221677.0,,25.0,51,0.61,0.091,0.155,3.7,1.3,1.4,64,0.78
Duop Reath,ATL,2221677.0,,29.0,46,0.552,0.077,0.162,4.2,2.0,0.6,40,0.488
Mouhamed Gueye,ATL,2221677.0,,22.0,33,0.52,0.085,0.155,6.0,4.2,0.8,40,0.488
Jaylen Clark,MIN,2191897.0,2191897.0,23.0,40,0.598,0.057,0.115,4.1,1.3,0.7,49,0.598
Precious Achiuwa,SAC,2111516.0,2111516.0,25.0,57,0.53,0.092,0.143,6.6,5.6,1.0,40,0.488
Justin Edwards,PHI,2048494.0,4459584.0,21.0,44,0.559,0.062,0.165,10.1,3.4,1.6,24,0.293
N'Faly Dante,ATL,2048494.0,,23.0,4,0.789,0.125,0.133,6.0,5.3,0.5,40,0.488
Jonathan Mogbo,TOR,1955377.0,1955377.0,23.0,63,0.496,0.083,0.145,6.2,4.9,2.3,30,0.366
Jamal Shead,TOR,1955377.0,1955377.0,22.0,75,0.499,0.07,0.179,7.1,1.5,4.2,30,0.366
Karlo Matković,NOP,1955377.0,1955377.0,24.0,42,0.639,0.096,0.155,7.7,5.0,1.1,21,0.256
Jaylen Wells,MEM,1955377.0,1955377.0,21.0,79,0.56,0.065,0.156,10.4,3.4,1.7,48,0.585
Quinten Post,GSW,1955377.0,1955377.0,25.0,42,0.595,0.095,0.197,8.1,3.5,1.3,48,0.585
Jamison Battle,TOR,1955377.0,,24.0,59,0.59,0.072,0.147,7.1,2.7,0.9,30,0.366
Adem Bona,PHI,1955377.0,,22.0,58,0.714,0.093,0.135,5.8,4.2,0.5,24,0.293
Pelle Larsson,MIA,1955377.0,,24.0,55,0.546,0.055,0.141,4.6,1.7,1.2,37,0.451
Seth Curry,GSW,1755198.0,1755198.0,34.0,68,0.616,0.083,0.151,6.5,1.7,0.9,48,0.585
Micah Potter,IND,1527805.0,1527805.0,27.0,38,0.563,0.063,0.102,4.3,4.3,0.8,50,0.61
Olivier-Maxence Prosper,DAL,1002360.0,3007080.0,22.0,52,0.484,0.082,0.158,3.9,2.4,0.8,39,0.476
Kobe Bufkin,LAL,5480297.0,3474389.0,21.0,10,0.483,0.086,0.203,5.3,2.1,1.7,50,0.61
Cam Thomas,MIL,6837779.0,844607.0,23.0,25,0.575,0.122,0.328,24.0,3.3,3.8,48,0.585
Jeremy Sochan,NYK,7874853.0,778622.0,22.0,54,0.589,0.101,0.184,11.4,6.5,2.4,51,0.622
Mike Conley,MIN,11499872.0,725834.0,37.0,71,0.573,0.092,0.141,8.2,2.6,4.5,49,0.598
Jabari Walker,PHI,724598.0,724598.0,22.0,60,0.601,0.107,0.156,5.2,3.5,0.6,24,0.293
Nae'Qwan Tomlin,CLE,718150.0,3129240.0,24.0,5,0.489,0.096,0.23,7.2,4.2,0.4,64,0.78
Cameron Payne,PHI,712637.0,712637.0,30.0,72,0.532,0.089,0.2,6.9,1.4,2.8,24,0.293
Caleb Houstan,ATL,699440.0,699440.0,22.0,58,0.605,0.061,0.115,4.1,1.3,0.6,40,0.488
Vasilije Micić,MIL,666667.0,2000001.0,31.0,41,0.462,0.061,0.199,6.6,2.2,3.1,48,0.585
Mason Plumlee,SAS,3022108.0,725834.0,35.0,74,0.645,0.098,0.105,4.5,6.1,1.8,34,0.415
Jeremiah Robinson-Earl,IND,131970.0,589305.0,24.0,66,0.563,0.087,0.14,6.3,4.8,1.3,50,0.61
Monte Morris,IND,321184.0,321184.0,30.0,45,0.546,0.096,0.173,5.2,1.5,1.6,50,0.61
Garrison Mathews,IND,429325.0,561295.0,28.0,47,0.606,0.068,0.153,7.5,1.9,1.3,50,0.61
Mo Bamba,TOR,458711.0,194771.0,27.0,32,0.557,0.1,0.15,4.3,4.5,0.6,30,0.366
Kobe Bufkin,LAL,5480297.0,3474389.0,21.0,10,0.483,0.086,0.203,5.3,2.1,1.7,50,0.61
Mason Plumlee,SAS,3022108.0,725834.0,35.0,74,0.645,0.098,0.105,4.5,6.1,1.8,34,0.415
Jeremiah Robinson-Earl,IND,131970.0,589305.0,24.0,66,0.563,0.087,0.14,6.3,4.8,1.3,50,0.61
Jeremiah Robinson-Earl,IND,131970.0,589305.0,24.0,66,0.563,0.087,0.14,6.3,4.8,1.3,50,0.61
Garrison Mathews,IND,429325.0,561295.0,28.0,47,0.606,0.068,0.153,7.5,1.9,1.3,50,0.61
Garrison Mathews,IND,429325.0,561295.0,28.0,47,0.606,0.068,0.153,7.5,1.9,1.3,50,0.61
Mo Bamba,UTA,458711.0,263940.0,27.0,32,0.557,0.1,0.15,4.3,4.5,0.6,17,0.207
Mo Bamba,UTA,458711.0,263940.0,27.0,32,0.557,0.1,0.15,4.3,4.5,0.6,17,0.207
Killian Hayes,SAC,263940.0,263940.0,23.0,6,0.559,0.085,0.145,9.0,3.0,5.2,40,0.488
Killian Hayes,SAC,263940.0,263940.0,23.0,6,0.559,0.085,0.145,9.0,3.0,5.2,40,0.488
Charles Bassey,PHI,263940.0,263940.0,24.0,36,0.597,0.113,0.164,4.4,4.2,0.5,24,0.293
Charles Bassey,PHI,263940.0,263940.0,24.0,36,0.597,0.113,0.164,4.4,4.2,0.5,24,0.293
Kobe Bufkin,MEM,5480297.0,131970.0,21.0,10,0.483,0.086,0.203,5.3,2.1,1.7,48,0.585
Charles Bassey,MEM,263940.0,131970.0,24.0,36,0.597,0.113,0.164,4.4,4.2,0.5,48,0.585
Jeremiah Robinson-Earl,DAL,131970.0,131970.0,24.0,66,0.563,0.087,0.14,6.3,4.8,1.3,39,0.476
Dalano Banton,BOS,263940.0,131970.0,25.0,67,0.497,0.089,0.237,8.3,2.0,2.4,61,0.744
